{
  "model_name": "AdaBoostClassifier",
  "best_validation_params": {
    "n_estimators": 150,
    "learning_rate": 0.1
  },
  "train_metrics": {
    "accuracy": 0.8636363636363636,
    "precision": 0.875,
    "recall": 0.8198198198198198,
    "f1": 0.8465116279069768,
    "confusion_matrix": [
      [
        118,
        13
      ],
      [
        20,
        91
      ]
    ],
    "roc_auc": 0.9393095385461797
  },
  "validation_metrics": {
    "accuracy": 0.9666666666666667,
    "precision": 0.9333333333333333,
    "recall": 1.0,
    "f1": 0.9655172413793104,
    "confusion_matrix": [
      [
        15,
        1
      ],
      [
        0,
        14
      ]
    ],
    "roc_auc": 0.9732142857142857
  },
  "train_val_metrics_after_refit": {
    "accuracy": 0.8786764705882353,
    "precision": 0.8833333333333333,
    "recall": 0.848,
    "f1": 0.8653061224489796,
    "confusion_matrix": [
      [
        133,
        14
      ],
      [
        19,
        106
      ]
    ],
    "roc_auc": 0.940625850340136
  },
  "test_metrics": {
    "accuracy": 0.8064516129032258,
    "precision": 0.7857142857142857,
    "recall": 0.7857142857142857,
    "f1": 0.7857142857142857,
    "confusion_matrix": [
      [
        14,
        3
      ],
      [
        3,
        11
      ]
    ],
    "roc_auc": 0.9243697478991596
  },
  "saved_model_path": "../notebook_outputs/models/AdaBoostClassifier.joblib",
  "prediction_path": "../notebook_outputs/predictions/AdaBoostClassifier_test_predictions.csv"
}