{
  "model_name": "RandomForestClassifier",
  "best_validation_params": {
    "n_estimators": 100,
    "max_depth": 5,
    "min_samples_split": 2
  },
  "train_metrics": {
    "accuracy": 0.9338842975206612,
    "precision": 0.9702970297029703,
    "recall": 0.8828828828828829,
    "f1": 0.9245283018867925,
    "confusion_matrix": [
      [
        128,
        3
      ],
      [
        13,
        98
      ]
    ],
    "roc_auc": 0.9871398115672925
  },
  "validation_metrics": {
    "accuracy": 0.9333333333333333,
    "precision": 0.875,
    "recall": 1.0,
    "f1": 0.9333333333333333,
    "confusion_matrix": [
      [
        14,
        2
      ],
      [
        0,
        14
      ]
    ],
    "roc_auc": 0.9955357142857143
  },
  "train_val_metrics_after_refit": {
    "accuracy": 0.9338235294117647,
    "precision": 0.9652173913043478,
    "recall": 0.888,
    "f1": 0.925,
    "confusion_matrix": [
      [
        143,
        4
      ],
      [
        14,
        111
      ]
    ],
    "roc_auc": 0.9866666666666667
  },
  "test_metrics": {
    "accuracy": 0.8709677419354839,
    "precision": 0.8571428571428571,
    "recall": 0.8571428571428571,
    "f1": 0.8571428571428571,
    "confusion_matrix": [
      [
        15,
        2
      ],
      [
        2,
        12
      ]
    ],
    "roc_auc": 0.9033613445378151
  },
  "saved_model_path": "../notebook_outputs/models/RandomForestClassifier.joblib",
  "prediction_path": "../notebook_outputs/predictions/RandomForestClassifier_test_predictions.csv"
}