{
  "model_name": "XGBClassifier",
  "best_validation_params": {
    "n_estimators": 100,
    "max_depth": 3,
    "learning_rate": 0.05
  },
  "train_metrics": {
    "accuracy": 0.9338842975206612,
    "precision": 0.9439252336448598,
    "recall": 0.9099099099099099,
    "f1": 0.926605504587156,
    "confusion_matrix": [
      [
        125,
        6
      ],
      [
        10,
        101
      ]
    ],
    "roc_auc": 0.9867271852004675
  },
  "validation_metrics": {
    "accuracy": 0.9,
    "precision": 0.8235294117647058,
    "recall": 1.0,
    "f1": 0.9032258064516129,
    "confusion_matrix": [
      [
        13,
        3
      ],
      [
        0,
        14
      ]
    ],
    "roc_auc": 0.9642857142857143
  },
  "train_val_metrics_after_refit": {
    "accuracy": 0.9448529411764706,
    "precision": 0.9583333333333334,
    "recall": 0.92,
    "f1": 0.9387755102040817,
    "confusion_matrix": [
      [
        142,
        5
      ],
      [
        10,
        115
      ]
    ],
    "roc_auc": 0.9867210884353741
  },
  "test_metrics": {
    "accuracy": 0.8064516129032258,
    "precision": 0.7857142857142857,
    "recall": 0.7857142857142857,
    "f1": 0.7857142857142857,
    "confusion_matrix": [
      [
        14,
        3
      ],
      [
        3,
        11
      ]
    ],
    "roc_auc": 0.907563025210084
  },
  "saved_model_path": "../notebook_outputs/models/XGBClassifier.joblib",
  "prediction_path": "../notebook_outputs/predictions/XGBClassifier_test_predictions.csv"
}