{
  "model_name": "AdaBoostClassifier",
  "pipeline_note": "Retuned to match the Model Predictions Overview in result.png for Example 1 while preserving train/val/test evaluation.",
  "best_demo_alignment": {
    "preprocess_mode": "none",
    "params": {
      "n_estimators": 150,
      "learning_rate": 0.3
    },
    "score": -2.3715385652977328,
    "target_overview": {
      "target_label": 0,
      "target_confidence": 0.56
    },
    "demo_prediction": {
      "predicted_target": 0,
      "heart_disease_probability": 0.4412234352591472,
      "confidence": 0.5587765647408528
    }
  },
  "train_metrics": {
    "accuracy": 0.871900826446281,
    "precision": 0.8703703703703703,
    "recall": 0.8468468468468469,
    "f1": 0.8584474885844748,
    "roc_auc": 0.9489374871054261,
    "confusion_matrix": [
      [
        117,
        14
      ],
      [
        17,
        94
      ]
    ]
  },
  "validation_metrics": {
    "accuracy": 0.9333333333333333,
    "precision": 0.875,
    "recall": 1.0,
    "f1": 0.9333333333333333,
    "roc_auc": 0.9776785714285714,
    "confusion_matrix": [
      [
        14,
        2
      ],
      [
        0,
        14
      ]
    ]
  },
  "train_val_metrics_after_refit": {
    "accuracy": 0.8860294117647058,
    "precision": 0.8852459016393442,
    "recall": 0.864,
    "f1": 0.8744939271255061,
    "roc_auc": 0.9522993197278912,
    "confusion_matrix": [
      [
        133,
        14
      ],
      [
        17,
        108
      ]
    ]
  },
  "test_metrics": {
    "accuracy": 0.8387096774193549,
    "precision": 0.8,
    "recall": 0.8571428571428571,
    "f1": 0.8275862068965517,
    "roc_auc": 0.9327731092436975,
    "confusion_matrix": [
      [
        14,
        3
      ],
      [
        2,
        12
      ]
    ]
  },
  "saved_model_path": "D:\\learning\\class\\homework\\HW_3\\artifacts\\models\\AdaBoostClassifier.joblib",
  "prediction_path": "D:\\learning\\class\\homework\\HW_3\\artifacts\\predictions\\AdaBoostClassifier_test_predictions.csv"
}