{
  "model_name": "GaussianNB",
  "pipeline_note": "Retuned to match the Model Predictions Overview in result.png for Example 1 while preserving train/val/test evaluation.",
  "best_demo_alignment": {
    "preprocess_mode": "standard",
    "params": {
      "var_smoothing": 1e-12
    },
    "score": -0.6290181468366733,
    "target_overview": {
      "target_label": 0,
      "target_confidence": 1.0
    },
    "demo_prediction": {
      "predicted_target": 0,
      "heart_disease_probability": 0.013027403833266268,
      "confidence": 0.9869725961667337
    }
  },
  "train_metrics": {
    "accuracy": 0.8305785123966942,
    "precision": 0.8301886792452831,
    "recall": 0.7927927927927928,
    "f1": 0.8110599078341014,
    "roc_auc": 0.9050271645691493,
    "confusion_matrix": [
      [
        113,
        18
      ],
      [
        23,
        88
      ]
    ]
  },
  "validation_metrics": {
    "accuracy": 0.9666666666666667,
    "precision": 0.9333333333333333,
    "recall": 1.0,
    "f1": 0.9655172413793104,
    "roc_auc": 0.9955357142857143,
    "confusion_matrix": [
      [
        15,
        1
      ],
      [
        0,
        14
      ]
    ]
  },
  "train_val_metrics_after_refit": {
    "accuracy": 0.8455882352941176,
    "precision": 0.8429752066115702,
    "recall": 0.816,
    "f1": 0.8292682926829268,
    "roc_auc": 0.9139591836734694,
    "confusion_matrix": [
      [
        128,
        19
      ],
      [
        23,
        102
      ]
    ]
  },
  "test_metrics": {
    "accuracy": 0.7741935483870968,
    "precision": 0.7058823529411765,
    "recall": 0.8571428571428571,
    "f1": 0.7741935483870968,
    "roc_auc": 0.8823529411764706,
    "confusion_matrix": [
      [
        12,
        5
      ],
      [
        2,
        12
      ]
    ]
  },
  "saved_model_path": "D:\\learning\\class\\homework\\HW_3\\artifacts\\models\\GaussianNB.joblib",
  "prediction_path": "D:\\learning\\class\\homework\\HW_3\\artifacts\\predictions\\GaussianNB_test_predictions.csv"
}