{
  "model_name": "GradientBoostingClassifier",
  "best_validation_params": {
    "n_estimators": 100,
    "learning_rate": 0.05,
    "max_depth": 2
  },
  "train_metrics": {
    "accuracy": 0.9132231404958677,
    "precision": 0.9245283018867925,
    "recall": 0.8828828828828829,
    "f1": 0.9032258064516129,
    "confusion_matrix": [
      [
        123,
        8
      ],
      [
        13,
        98
      ]
    ],
    "roc_auc": 0.9656832404924008
  },
  "validation_metrics": {
    "accuracy": 0.9,
    "precision": 0.8235294117647058,
    "recall": 1.0,
    "f1": 0.9032258064516129,
    "confusion_matrix": [
      [
        13,
        3
      ],
      [
        0,
        14
      ]
    ],
    "roc_auc": 0.9776785714285714
  },
  "train_val_metrics_after_refit": {
    "accuracy": 0.9044117647058824,
    "precision": 0.9159663865546218,
    "recall": 0.872,
    "f1": 0.8934426229508197,
    "confusion_matrix": [
      [
        137,
        10
      ],
      [
        16,
        109
      ]
    ],
    "roc_auc": 0.9635374149659864
  },
  "test_metrics": {
    "accuracy": 0.8387096774193549,
    "precision": 0.8,
    "recall": 0.8571428571428571,
    "f1": 0.8275862068965517,
    "confusion_matrix": [
      [
        14,
        3
      ],
      [
        2,
        12
      ]
    ],
    "roc_auc": 0.9201680672268906
  },
  "saved_model_path": "artifacts/models/GradientBoostingClassifier.joblib",
  "prediction_path": "artifacts/predictions/GradientBoostingClassifier_test_predictions.csv"
}