{
  "model_name": "XGBClassifier",
  "pipeline_note": "Retuned to match the Model Predictions Overview in result.png for Example 1 while preserving train/val/test evaluation.",
  "best_demo_alignment": {
    "preprocess_mode": "none",
    "params": {
      "n_estimators": 80,
      "learning_rate": 0.05,
      "max_depth": 2,
      "subsample": 0.8,
      "colsample_bytree": 1.0
    },
    "score": -2.5626322418313916,
    "target_overview": {
      "target_label": 0,
      "target_confidence": 0.81
    },
    "demo_prediction": {
      "predicted_target": 0,
      "heart_disease_probability": 0.190226212143898,
      "confidence": 0.809773787856102
    }
  },
  "train_metrics": {
    "accuracy": 0.8842975206611571,
    "precision": 0.9029126213592233,
    "recall": 0.8378378378378378,
    "f1": 0.8691588785046729,
    "roc_auc": 0.9561928340554293,
    "confusion_matrix": [
      [
        121,
        10
      ],
      [
        18,
        93
      ]
    ]
  },
  "validation_metrics": {
    "accuracy": 0.9333333333333333,
    "precision": 0.875,
    "recall": 1.0,
    "f1": 0.9333333333333333,
    "roc_auc": 1.0,
    "confusion_matrix": [
      [
        14,
        2
      ],
      [
        0,
        14
      ]
    ]
  },
  "train_val_metrics_after_refit": {
    "accuracy": 0.8897058823529411,
    "precision": 0.905982905982906,
    "recall": 0.848,
    "f1": 0.8760330578512396,
    "roc_auc": 0.9560272108843538,
    "confusion_matrix": [
      [
        136,
        11
      ],
      [
        19,
        106
      ]
    ]
  },
  "test_metrics": {
    "accuracy": 0.8709677419354839,
    "precision": 0.8571428571428571,
    "recall": 0.8571428571428571,
    "f1": 0.8571428571428571,
    "roc_auc": 0.9117647058823529,
    "confusion_matrix": [
      [
        15,
        2
      ],
      [
        2,
        12
      ]
    ]
  },
  "saved_model_path": "D:\\learning\\class\\homework\\HW_3\\artifacts\\models\\XGBClassifier.joblib",
  "prediction_path": "D:\\learning\\class\\homework\\HW_3\\artifacts\\predictions\\XGBClassifier_test_predictions.csv"
}